place_id,name,address,lat,lon,area,location_type,themes,seasonality,child_engagement_score,view_quality_score,rating,review_count,tags,description,city,type
1,Парк им. М.В. Фрунзе,"Центральный район, Новороссийск, Краснодарский край, 353900",44.711545,37.782897,побережье,парк,природа;прогулка;семья;отдых,круглый_год,0.8,0.75,4.8,776,парк;прогулка;семья;отдых,Парк им. М.В. Фрунзе подходит для спокойных прогулок и повседневного отдыха,Новороссийск,locations
2,Парк им. Ленина,"Центральный район, Новороссийск, Краснодарский край, 353900",44.714854,37.777299,центр,парк,природа;прогулка;семья;отдых,круглый_год,0.8,0.55,4.5,452,парк;прогулка;семья;отдых,Парк им. Ленина подходит для спокойных прогулок и повседневного отдыха,Новороссийск,locations
3,Пионерская роща,"Южный район, Новороссийск, Краснодарский край, 353924",44.677607,37.789173,побережье,парк,природа;лес;прогулка;семья,круглый_год,0.7,0.75,4.5,271,роща;лес;прогулка;семья,Пионерская роща подходит для спокойных прогулок и повседневного отдыха,Новороссийск,locations
4,Цемесская роща,"Новороссийск, Краснодарский край",44.737828,37.749348,окрестности,парк,природа;лес;прогулка;семья,круглый_год,0.7,0.55,4.5,191,роща;лес;прогулка;семья,Цемесская роща подходит для спокойных прогулок и повседневного отдыха,Новороссийск,locations
5,Парк Южный,"Южный район, Новороссийск, Краснодарский край, 353922",44.685942,37.784415,побережье,парк,природа;прогулка;семья;отдых,круглый_год,0.8,0.75,4.3,253,парк;прогулка;семья;отдых,Парк Южный подходит для спокойных прогулок и повседневного отдыха,Новороссийск,locations
6,Сквер им. Чайковского,"Центральный район, Новороссийск, Краснодарский край",44.72359,37.766041,центр,парк,природа;прогулка;семья;отдых,круглый_год,0.8,0.55,4.8,240,парк;прогулка;семья;отдых,Сквер им. Чайковского подходит для спокойных прогулок и повседневного отдыха,Новороссийск,locations
7,Восточный парк,"Восточный район, Новороссийск, Краснодарский край",44.724854,37.827679,окрестности,парк,природа;прогулка;семья;отдых,круглый_год,0.7,0.55,5.0,38,парк;прогулка;семья;отдых,Восточный парк подходит для спокойных прогулок и повседневного отдыха,Новороссийск,locations
8,Дендропарк,"Южный район, Новороссийск, Краснодарский край",44.683372,37.796414,побережье,парк,природа;прогулка;семья;отдых,круглый_год,0.7,0.75,4.0,61,парк;прогулка;семья;отдых,Дендропарк подходит для спокойных прогулок и повседневного отдыха,Новороссийск,locations
9,Сквер им. Карла Маркса,"Центральный район, Новороссийск, Краснодарский край",44.738683,37.785697,окрестности,парк,природа;прогулка;семья;отдых,круглый_год,0.8,0.55,4.5,20,парк;прогулка;семья;отдых,Сквер им. Карла Маркса подходит для спокойных прогулок и повседневного отдыха,Новороссийск,locations
10,Сквер им. Пушкина,"Центральный район, Новороссийск, Краснодарский край",44.719264,37.774824,центр,парк,природа;прогулка;семья;отдых,круглый_год,0.8,0.55,4.6,18,парк;прогулка;семья;отдых,Сквер им. Пушкина подходит для спокойных прогулок и повседневного отдыха,Новороссийск,locations
11,Сквер им. В.Ф. Маргелова,"Приморский район, Новороссийск, Краснодарский край",44.734545,37.746017,окрестности,парк,природа;прогулка;семья;отдых,круглый_год,0.8,0.55,5.0,14,парк;прогулка;семья;отдых,Сквер им. В.Ф. Маргелова подходит для спокойных прогулок и повседневного отдыха,Новороссийск,locations
12,Сквер Науки,"Приморский район, Новороссийск, Краснодарский край",44.726331,37.757325,окрестности,парк,природа;прогулка;семья;отдых,круглый_год,0.8,0.55,4.9,38,парк;прогулка;семья;отдых,Сквер Науки подходит для спокойных прогулок и повседневного отдыха,Новороссийск,locations
13,Арт-парк,"Новороссийский район, с. Абрау-Дюрсо, Новороссийск городской округ, Краснодарский край",44.702799,37.597629,винный_кластер,парк,арт;прогулка;виды;семья,круглый_год,0.7,0.8,4.9,552,парк;прогулка;семья;отдых,Парк с арт-объектами и прогулочными маршрутами у озера,Абрау-Дюрсо,locations
14,Детский парк Остров сокровищ,"Центральный район, Новороссийск, Краснодарский край",44.714497,37.775944,центр,парк,дети;семья;прогулка;развлечение,круглый_год,0.95,0.55,4.8,54,дети;парк;семья;игры,Детский парк Остров сокровищ подходит для спокойных прогулок и повседневного отдыха,Новороссийск,locations
15,Сквер им. Волкова,"Центральный район, Новороссийск, Краснодарский край",44.719222,37.776054,центр,парк,природа;прогулка;семья;отдых,круглый_год,0.8,0.55,5.0,32,парк;прогулка;семья;отдых,Сквер им. Волкова подходит для спокойных прогулок и повседневного отдыха,Новороссийск,locations
16,Сквер 75-летия Победы,"Южный район, Новороссийск, Краснодарский край",44.687397,37.790073,побережье,парк,природа;прогулка;семья;отдых,круглый_год,0.8,0.75,4.9,229,парк;прогулка;семья;отдых,Сквер 75-летия Победы подходит для спокойных прогулок и повседневного отдыха,Новороссийск,locations
17,Экопарк Дубрава,"Приморский район, Новороссийск, Краснодарский край",44.754877,37.724256,окрестности,парк,природа;эко;тишина;прогулка,круглый_год,0.6,0.6,5.0,1,эко;парк;лес;прогулка,Тихая зеленая зона для неспешных прогулок и короткого отдыха,Новороссийск,locations
18,Сквер им. Рыбнева,"Центральный район, Новороссийск, Краснодарский край",44.713304,37.781822,центр,парк,природа;прогулка;семья;отдых,круглый_год,0.8,0.55,4.8,89,парк;прогулка;семья;отдых,Сквер им. Рыбнева подходит для спокойных прогулок и повседневного отдыха,Новороссийск,locations
19,Сквер 80-летия Краснодарского края,"Южный район, Новороссийск, Краснодарский край",44.686046,37.779247,побережье,парк,природа;прогулка;семья;отдых,круглый_год,0.8,0.75,4.5,48,парк;прогулка;семья;отдых,Сквер 80-летия Краснодарского края подходит для спокойных прогулок и повседневного отдыха,Новороссийск,locations
20,Пляж Алексино,"Южный район, Новороссийск, Краснодарский край, 353924",44.677095,37.799955,побережье,природная_локация,море;пляж;виды;отдых,лето,0.85,0.9,4.6,727,море;пляж;отдых;виды,Пляж Алексино подходит для отдыха у воды и прогулок вдоль берега,Новороссийск,locations
21,Пляж Мысхако,"Новороссийский район, с. Мысхако, Новороссийск городской округ, Краснодарский край, 353993",44.653126,37.749322,побережье,природная_локация,море;пляж;виды;отдых,лето,0.85,0.9,4.2,54,море;пляж;отдых;виды,Пляж Мысхако подходит для отдыха у воды и прогулок вдоль берега,Новороссийск,locations
22,Пляж Суджукская коса,"Южный район, Новороссийск, Краснодарский край, 353924",44.685001,37.801511,побережье,природная_локация,море;пляж;виды;отдых,лето,0.85,0.9,4.8,352,море;пляж;отдых;виды,Пляж Суджукская коса подходит для отдыха у воды и прогулок вдоль берега,Новороссийск,locations
23,Пляж Широкая Балка,"Новороссийский район, с. Широкая Балка, Новороссийск городской округ, Краснодарский край, 353993",44.656038,37.694944,побережье,природная_локация,море;пляж;виды;отдых,лето,0.85,0.9,4.7,412,море;пляж;отдых;виды,Пляж Широкая Балка подходит для отдыха у воды и прогулок вдоль берега,Широкая Балка,locations
24,Пляж Нептун,"Набережная им. Адмирала Серебрякова, 61е, Новороссийск, Краснодарский край, 353910",44.698171,37.789041,побережье,природная_локация,море;пляж;виды;отдых,лето,0.85,0.9,4.4,211,море;пляж;отдых;виды,Пляж Нептун подходит для отдыха у воды и прогулок вдоль берега,Новороссийск,locations
25,Пляж Кристалл-2,"Набережная им. Адмирала Серебрякова, 79а, Новороссийск, Краснодарский край",44.693959,37.791828,побережье,природная_локация,море;пляж;виды;отдых,лето,0.85,0.9,4.7,95,море;пляж;отдых;виды,Пляж Кристалл-2 подходит для отдыха у воды и прогулок вдоль берега,Новороссийск,locations
26,Пляж Абрау-Дюрсо,"Новороссийский район, с. Абрау-Дюрсо, Новороссийск городской округ, Краснодарский край, 353995",44.670409,37.58482,винный_кластер,природная_локация,море;пляж;виды;отдых,лето,0.85,0.9,5.0,1,море;пляж;отдых;виды,Пляж Абрау-Дюрсо подходит для отдыха у воды и прогулок вдоль берега,Абрау-Дюрсо,locations
27,Пляж Русское море,"Центральный район, Новороссийск, Краснодарский край, 353900",44.711441,37.784997,побережье,природная_локация,море;пляж;виды;отдых,лето,0.85,0.9,4.7,22,море;пляж;отдых;виды,Пляж Русское море подходит для отдыха у воды и прогулок вдоль берега,Новороссийск,locations
28,Крейсер Михаил Кутузов,"Набережная им. Адмирала Серебрякова, 2а, Новороссийск, Краснодарский край",44.721445,37.782567,побережье,музей,история;экспозиция;культура;семья,круглый_год,0.7,0.7,4.7,1209,музей;история;экспозиция;семья,Крейсер Михаил Кутузов знакомит с историей региона и подходит для познавательного визита,Новороссийск,locations
29,Исторический музей-заповедник на проспекте Ленина,"Проспект Ленина, 59, Новороссийск, Краснодарский край",44.690975,37.788439,побережье,музей,история;экспозиция;культура;семья,круглый_год,0.55,0.3,4.6,25,музей;история;экспозиция;семья,Исторический музей-заповедник на проспекте Ленина знакомит с историей региона и подходит для познавательного визита,Новороссийск,locations
30,Исторический музей-заповедник на улице Советов,"Улица Советов, 58, Новороссийск, Краснодарский край, 353900",44.716707,37.778755,центр,музей,история;экспозиция;культура;семья,круглый_год,0.55,0.3,4.7,51,музей;история;экспозиция;семья,Исторический музей-заповедник на улице Советов знакомит с историей региона и подходит для познавательного визита,Новороссийск,locations
31,Выставочный зал музея-заповедника,"Суворовская улица, 13, Новороссийск, Краснодарский край, 353905",44.70169,37.785634,побережье,музей,история;экспозиция;культура;семья,круглый_год,0.55,0.3,5.0,8,музей;история;экспозиция;семья,Выставочный зал музея-заповедника знакомит с историей региона и подходит для познавательного визита,Новороссийск,locations
32,Музей камня и минералов,"Архитектурная улица, 12, Новороссийск, Краснодарский край",44.704241,37.736172,окрестности,музей,минералы;познание;коллекция;семья,круглый_год,0.8,0.3,4.7,25,музей;минералы;коллекция;семья,Небольшой музей с минералами и камнями для спокойного познавательного визита,Новороссийск,locations
33,Малая Земля музей,"Улица Суджукская коса, 1а, Новороссийск, Краснодарский край, 353913",44.68855,37.797249,побережье,музей,история;военная_память;маршрут;город,круглый_год,0.55,0.3,4.3,395,история;память;мемориал;маршрут,Малая Земля музей знакомит с историей региона и подходит для познавательного визита,Новороссийск,locations
34,Храм Святой Троицы,"Пролетарская улица, 13, Новороссийск, Краснодарский край, 353901",44.73956,37.781074,окрестности,культурная_точка,архитектура;культура;тишина;локальная_история,круглый_год,0.25,0.45,3.8,16,храм;архитектура;культура;тишина,Храм Святой Троицы интересен архитектурой и спокойной атмосферой,Новороссийск,locations
35,Храм Новомучеников и Исповедников Российских,"Пионерская улица, 1, Новороссийск, Краснодарский край",44.685718,37.787072,побережье,культурная_точка,архитектура;культура;тишина;локальная_история,круглый_год,0.25,0.45,4.8,40,храм;архитектура;культура;тишина,Храм Новомучеников и Исповедников Российских интересен архитектурой и спокойной атмосферой,Новороссийск,locations
36,Храм святого Георгия Победоносца,"Анапское шоссе, 53, Новороссийск, Краснодарский край, 353912",44.737258,37.740414,окрестности,культурная_точка,архитектура;культура;тишина;локальная_история,круглый_год,0.25,0.45,5.0,13,храм;архитектура;культура;тишина,Храм святого Георгия Победоносца интересен архитектурой и спокойной атмосферой,Новороссийск,locations
37,Свято-Успенский собор,"Улица Видова, 26, Новороссийск, Краснодарский край",44.720871,37.764711,центр,культурная_точка,архитектура;культура;тишина;локальная_история,круглый_год,0.25,0.45,4.8,58,храм;архитектура;культура;тишина,Свято-Успенский собор интересен архитектурой и спокойной атмосферой,Новороссийск,locations
38,Храм Святых Петра и Февронии,"Набережная им. Адмирала Серебрякова, 53Б, Новороссийск, Краснодарский край, 353910",44.701465,37.788488,побережье,культурная_точка,архитектура;культура;тишина;локальная_история,круглый_год,0.25,0.45,4.6,97,храм;архитектура;культура;тишина,Храм Святых Петра и Февронии интересен архитектурой и спокойной атмосферой,Новороссийск,locations
39,Кемпинг Страна Oz,"Пограничная улица, 74, с. Южная Озереевка, Новороссийск городской округ, Краснодарский край",44.670898,37.634759,побережье,эко-локация,природа;тишина;отдых;эко,весна_осень,0.7,0.75,4.5,30,эко;природа;отдых;тишина,Кемпинг Страна Oz подходит для отдыха на природе и короткой перезагрузки,Южная Озереевка,locations
40,Автокемпинг на Круглом озере,"Улица Доктора Каминского, 7, с. Абрау-Дюрсо, Новороссийск городской округ, Краснодарский край",44.67771,37.596176,винный_кластер,эко-локация,природа;тишина;отдых;эко,круглый_год,0.7,0.75,4.7,45,эко;природа;отдых;тишина,Автокемпинг на Круглом озере подходит для отдыха на природе и короткой перезагрузки,Абрау-Дюрсо,locations
41,Abrau Glamping,"Улица Чехова, 1а, с. Абрау-Дюрсо, Новороссийск городской округ, Краснодарский край",44.71167,37.593236,винный_кластер,эко-локация,природа;тишина;отдых;эко,весна_осень,0.7,0.75,3.8,22,эко;природа;отдых;тишина,Abrau Glamping подходит для отдыха на природе и короткой перезагрузки,Абрау-Дюрсо,locations
42,Эколоджия,"Улица Алексея Чурилина, 87, с. Абрау-Дюрсо, Новороссийск городской округ, Краснодарский край",44.67686,37.591513,винный_кластер,эко-локация,природа;тишина;отдых;эко,весна_осень,0.7,0.75,3.8,9,эко;природа;отдых;тишина,Эколоджия подходит для отдыха на природе и короткой перезагрузки,Абрау-Дюрсо,locations
43,Садко,"Улица Курортная набережная, 3, с. Широкая Балка, Новороссийск городской округ, Краснодарский край",44.653818,37.701366,побережье,оздоровительный_объект,отдых;море;перезагрузка;семья,круглый_год,0.65,0.7,4.6,57,отдых;оздоровление;семья;природа,Садко подходит для размеренного отдыха и короткого выезда,Широкая Балка,locations
44,Атмосфера,"Улица им. Александра Тихомирова, 22, с. Широкая Балка, Новороссийск городской округ, Краснодарский край",44.664596,37.686896,побережье,оздоровительный_объект,отдых;море;перезагрузка;семья,круглый_год,0.65,0.7,4.8,140,отдых;оздоровление;семья;природа,Атмосфера подходит для размеренного отдыха и короткого выезда,Широкая Балка,locations
45,Озеро леса,"База отдыха Озера леса территория, 1, Новороссийск, Краснодарский край",44.771615,37.68916,окрестности,эко-локация,природа;тишина;отдых;эко,круглый_год,0.7,0.75,4.8,35,эко;природа;отдых;тишина,Озеро леса подходит для отдыха на природе и короткой перезагрузки,Новороссийск,locations
46,Океан,"Заречная улица, 17а, с. Широкая Балка, Новороссийск городской округ, Краснодарский край",44.666243,37.685662,побережье,эко-локация,природа;тишина;отдых;эко,весна_осень,0.7,0.75,4.7,26,эко;природа;отдых;тишина,Океан подходит для отдыха на природе и короткой перезагрузки,Широкая Балка,locations
47,Голубой факел,"Улица Курортная набережная, Голубой факел, с. Широкая Балка, Новороссийск городской округ, Краснодарский край",44.65459,37.697382,побережье,оздоровительный_объект,отдых;море;перезагрузка;семья,круглый_год,0.65,0.7,4.2,36,отдых;оздоровление;семья;природа,Голубой факел подходит для размеренного отдыха и короткого выезда,Широкая Балка,locations
48,Прибой,"Улица Курортная набережная, Прибой, с. Широкая Балка, Новороссийск городской округ, Краснодарский край",44.664914,37.679053,побережье,оздоровительный_объект,отдых;море;перезагрузка;семья,круглый_год,0.65,0.7,4.0,45,отдых;оздоровление;семья;природа,Прибой подходит для размеренного отдыха и короткого выезда,Широкая Балка,locations
49,Круглое озеро усадьба,"Улица Доктора Каминского, 7, с. Абрау-Дюрсо, Новороссийск городской округ, Краснодарский край",44.67782,37.596213,винный_кластер,оздоровительный_объект,отдых;море;перезагрузка;семья,круглый_год,0.65,0.7,4.6,422,отдых;оздоровление;семья;природа,Круглое озеро усадьба подходит для размеренного отдыха и короткого выезда,Абрау-Дюрсо,locations
50,Черномор,"Улица Курортная набережная, Черномор, с. Широкая Балка, Новороссийск городской округ, Краснодарский край",44.655357,37.696678,побережье,оздоровительный_объект,отдых;море;перезагрузка;семья,круглый_год,0.65,0.7,4.3,113,отдых;оздоровление;семья;природа,Черномор подходит для размеренного отдыха и короткого выезда,Широкая Балка,locations
51,Диана,"Улица Курортная набережная, Диана, с. Широкая Балка, Новороссийск городской округ, Краснодарский край",44.665106,37.683865,побережье,оздоровительный_объект,отдых;море;перезагрузка;семья,круглый_год,0.65,0.7,3.9,17,отдых;оздоровление;семья;природа,Диана подходит для размеренного отдыха и короткого выезда,Широкая Балка,locations
52,Чайка,"Улица Курортная набережная, Чайка, с. Широкая Балка, Новороссийск городской округ, Краснодарский край",44.656551,37.695124,побережье,оздоровительный_объект,отдых;море;перезагрузка;семья,круглый_год,0.65,0.7,4.4,105,отдых;оздоровление;семья;природа,Чайка подходит для размеренного отдыха и короткого выезда,Широкая Балка,locations
53,Лес Абрау,"Дальняя улица, 9, с. Абрау-Дюрсо, Новороссийск городской округ, Краснодарский край",44.699909,37.609187,винный_кластер,оздоровительный_объект,отдых;море;перезагрузка;семья,круглый_год,0.65,0.7,4.8,38,отдых;оздоровление;семья;природа,Лес Абрау подходит для размеренного отдыха и короткого выезда,Абрау-Дюрсо,locations
54,Фрегат,"Встречная улица, 21а, с. Мысхако, Новороссийск городской округ, Краснодарский край",44.655694,37.760245,побережье,оздоровительный_объект,отдых;море;перезагрузка;семья,круглый_год,0.65,0.7,4.8,105,отдых;оздоровление;семья;природа,Фрегат подходит для размеренного отдыха и короткого выезда,Новороссийск,locations
55,Абрау хутор,"Улица Горького, 2а, с. Абрау-Дюрсо, Новороссийск городской округ, Краснодарский край",44.7142,37.587893,винный_кластер,оздоровительный_объект,отдых;море;перезагрузка;семья,круглый_год,0.65,0.7,4.8,234,отдых;оздоровление;семья;природа,Абрау хутор подходит для размеренного отдыха и короткого выезда,Абрау-Дюрсо,locations
56,Меркурий,"Улица Курортная набережная, Меркурий, с. Широкая Балка, Новороссийск городской округ, Краснодарский край",44.666376,37.681971,побережье,оздоровительный_объект,отдых;море;перезагрузка;семья,круглый_год,0.65,0.7,2.3,4,отдых;оздоровление;семья;природа,Меркурий подходит для размеренного отдыха и короткого выезда,Широкая Балка,locations
57,Лесная поляна,"С. Широкая Балка, Новороссийск городской округ, Краснодарский край",44.656267,37.701648,побережье,оздоровительный_объект,отдых;море;перезагрузка;семья,круглый_год,0.65,0.7,4.2,5,отдых;оздоровление;семья;природа,Лесная поляна подходит для размеренного отдыха и короткого выезда,Широкая Балка,locations
58,Тополёк,"С. Широкая Балка, Новороссийск городской округ, Краснодарский край",44.657059,37.6939,побережье,оздоровительный_объект,отдых;море;перезагрузка;семья,круглый_год,0.65,0.7,4.2,3,отдых;оздоровление;семья;природа,Тополёк подходит для размеренного отдыха и короткого выезда,Широкая Балка,locations
59,Кемпинг Мысхако Фрегат двор,"Береговой формат, с. Мысхако, Новороссийск городской округ, Краснодарский край",44.657362,37.758649,побережье,эко-локация,природа;тишина;отдых;эко,весна_осень,0.7,0.75,4.5,2,эко;природа;отдых;тишина,Кемпинг Мысхако Фрегат двор подходит для отдыха на природе и короткой перезагрузки,Новороссийск,locations
60,Семь ветров,"Новороссийск городской округ, Краснодарский край",44.725353,37.866981,окрестности,смотровая_площадка,виды;панорама;романтика;фото,по_погоде,0.2,0.95,2.9,4,смотровая;виды;панорама;фото,Семь ветров дает хороший обзор побережья и городской панорамы,Новороссийск,locations
61,Смотровая площадка Приморский район,"Приморский район, Новороссийск, Краснодарский край",44.71668,37.75021,окрестности,смотровая_площадка,виды;панорама;романтика;фото,по_погоде,0.2,0.9,2.7,3,смотровая;виды;панорама;фото,Смотровая площадка Приморский район дает хороший обзор побережья и городской панорамы,Новороссийск,locations
62,Обзорная площадка Дом йога,"Новороссийский район, Новороссийск, Краснодарский край",44.67022,37.60921,окрестности,смотровая_площадка,виды;тишина;панорама;фото,по_погоде,0.2,0.9,4.9,28,смотровая;виды;панорама;фото,Обзорная площадка Дом йога дает хороший обзор побережья и городской панорамы,Новороссийск,locations
63,Смотровая площадка Мысхако Верхняя,"Мысхако, Новороссийский район, Новороссийск, Краснодарский край",44.653416,37.752284,побережье,смотровая_площадка,виды;панорама;романтика;фото,по_погоде,0.2,0.95,4.8,4,смотровая;виды;панорама;фото,Смотровая площадка Мысхако Верхняя дает хороший обзор побережья и городской панорамы,Новороссийск,locations
64,Смотровая площадка Южный район,"Южный район, Новороссийск, Краснодарский край",44.660524,37.777374,побережье,смотровая_площадка,виды;панорама;романтика;фото,по_погоде,0.2,0.9,5.0,7,смотровая;виды;панорама;фото,Смотровая площадка Южный район дает хороший обзор побережья и городской панорамы,Новороссийск,locations
65,Смотровая площадка Южный берег,"Южный район, Новороссийск, Краснодарский край",44.686097,37.799779,побережье,смотровая_площадка,виды;панорама;романтика;фото,по_погоде,0.2,0.9,5.0,1,смотровая;виды;панорама;фото,Смотровая площадка Южный берег дает хороший обзор побережья и городской панорамы,Новороссийск,locations
66,Смотровая площадка Шесхарис,"Шесхарис м-н, Восточный район, Новороссийск, Краснодарский край",44.715837,37.840762,окрестности,смотровая_площадка,виды;панорама;романтика;фото,по_погоде,0.2,0.9,4.6,1,смотровая;виды;панорама;фото,Смотровая площадка Шесхарис дает хороший обзор побережья и городской панорамы,Новороссийск,locations
67,Смотровая площадка Восточный район,"Восточный район, Новороссийск, Краснодарский край",44.701292,37.855861,окрестности,смотровая_площадка,виды;панорама;романтика;фото,по_погоде,0.2,0.9,4.7,7,смотровая;виды;панорама;фото,Смотровая площадка Восточный район дает хороший обзор побережья и городской панорамы,Новороссийск,locations
68,Смотровая площадка Мысхако Нижняя,"Мысхако, Новороссийский район, Новороссийск, Краснодарский край",44.653172,37.750048,побережье,смотровая_площадка,виды;панорама;романтика;фото,по_погоде,0.2,0.95,1.0,3,смотровая;виды;панорама;фото,Смотровая площадка Мысхако Нижняя дает хороший обзор побережья и городской панорамы,Новороссийск,locations
69,Смотровая площадка Южный район панорама,"Южный район, Новороссийск, Краснодарский край",44.684846,37.801027,побережье,смотровая_площадка,виды;панорама;романтика;фото,по_погоде,0.2,0.95,5.0,1,смотровая;виды;панорама;фото,Смотровая площадка Южный район панорама дает хороший обзор побережья и городской панорамы,Новороссийск,locations
70,Памятник матросу-десантнику,"Центральный район, Новороссийск, Краснодарский край",44.701213,37.783511,центр,культурная_точка,история;память;город;прогулка,круглый_год,0.15,0.6,5.0,11,памятник;история;город;прогулка,Памятник матросу-десантнику является заметной точкой городского маршрута и локальной памяти,Новороссийск,locations
71,Мемориальный комплекс Долина смерти,"Новороссийск, Краснодарский край",44.657166,37.754258,окрестности,культурная_точка,история;военная_память;маршрут;город,круглый_год,0.15,0.35,4.6,11,история;память;мемориал;маршрут,Мемориальный комплекс Долина смерти является заметной точкой городского маршрута и локальной памяти,Новороссийск,locations
72,Памятник Огонь Вечной славы,"Центральный район, Новороссийск, Краснодарский край",44.720023,37.776137,центр,культурная_точка,история;память;город;прогулка,круглый_год,0.15,0.35,5.0,4,памятник;история;город;прогулка,Памятник Огонь Вечной славы является заметной точкой городского маршрута и локальной памяти,Новороссийск,locations
73,Мемориальный комплекс Источник жизни в долине смерти,"Новороссийский район, Новороссийск, Краснодарский край",44.678465,37.735673,окрестности,культурная_точка,история;военная_память;маршрут;город,круглый_год,0.15,0.35,4.8,4,история;память;мемориал;маршрут,Мемориальный комплекс Источник жизни в долине смерти является заметной точкой городского маршрута и локальной памяти,Новороссийск,locations
74,Памятник Торпедный Катер,"Центральный район, Новороссийск, Краснодарский край",44.717727,37.783947,центр,культурная_точка,история;память;город;прогулка,круглый_год,0.15,0.7,5.0,5,памятник;история;город;прогулка,Памятник Торпедный Катер является заметной точкой городского маршрута и локальной памяти,Новороссийск,locations
75,Памятник неизвестному матросу,"Центральный район, Новороссийск, Краснодарский край",44.715408,37.785005,центр,культурная_точка,история;память;город;прогулка,круглый_год,0.15,0.6,4.7,5,памятник;история;город;прогулка,Памятник неизвестному матросу является заметной точкой городского маршрута и локальной памяти,Новороссийск,locations
76,Памятник хамсе,"Южный район, Новороссийск, Краснодарский край",44.694049,37.791549,побережье,культурная_точка,история;память;город;прогулка,круглый_год,0.15,0.65,4.8,7,памятник;история;город;прогулка,Памятник хамсе является заметной точкой городского маршрута и локальной памяти,Новороссийск,locations
77,Памятник погибшим рыбакам,"Центральный район, Новороссийск, Краснодарский край",44.709186,37.788597,центр,культурная_точка,история;память;город;прогулка,круглый_год,0.15,0.6,5.0,4,памятник;история;город;прогулка,Памятник погибшим рыбакам является заметной точкой городского маршрута и локальной памяти,Новороссийск,locations
78,Памятник Геше Козодоеву,"Южный район, Новороссийск, Краснодарский край",44.68576,37.800627,побережье,культурная_точка,история;память;город;прогулка,круглый_год,0.15,0.65,4.4,12,памятник;история;город;прогулка,Памятник Геше Козодоеву является заметной точкой городского маршрута и локальной памяти,Новороссийск,locations
79,Памятник Исход,"Центральный район, Новороссийск, Краснодарский край",44.706806,37.789249,центр,культурная_точка,история;память;город;прогулка,круглый_год,0.15,0.6,3.5,3,памятник;история;город;прогулка,Памятник Исход является заметной точкой городского маршрута и локальной памяти,Новороссийск,locations
80,Командный пункт новороссийской военно-морской базы 1942-1943 года,"Восточный район, Новороссийск, Краснодарский край",44.700448,37.857043,окрестности,культурная_точка,история;память;город;прогулка,круглый_год,0.15,0.35,4.7,2,памятник;история;город;прогулка,Командный пункт новороссийской военно-морской базы 1942-1943 года является заметной точкой городского маршрута и локальной памяти,Новороссийск,locations
81,Мемориал Малая Земля,"Южный район, Новороссийск, Краснодарский край",44.686777,37.795377,побережье,культурная_точка,история;военная_память;маршрут;город,круглый_год,0.15,0.6,4.5,2,история;память;мемориал;маршрут,Мемориал Малая Земля является заметной точкой городского маршрута и локальной памяти,Новороссийск,locations
82,Памятник рабочим завода Красный двигатель,"Восточный район, Новороссийск, Краснодарский край",44.738832,37.793102,окрестности,культурная_точка,история;память;город;прогулка,круглый_год,0.15,0.35,4.6,1,памятник;история;город;прогулка,Памятник рабочим завода Красный двигатель является заметной точкой городского маршрута и локальной памяти,Новороссийск,locations
83,Наблюдательный пункт ПВО,"Южный район, Новороссийск, Краснодарский край",44.686153,37.797252,побережье,культурная_точка,история;память;город;прогулка,круглый_год,0.15,0.6,4.6,2,памятник;история;город;прогулка,Наблюдательный пункт ПВО является заметной точкой городского маршрута и локальной памяти,Новороссийск,locations
84,Памятник Непокорённым,"Приморский район, Новороссийск, Краснодарский край",44.77491,37.689974,окрестности,культурная_точка,история;память;город;прогулка,круглый_год,0.15,0.35,5.0,1,памятник;история;город;прогулка,Памятник Непокорённым является заметной точкой городского маршрута и локальной памяти,Новороссийск,locations
85,Памятник основателям Новороссийска,"Центральный район, Новороссийск, Краснодарский край",44.718601,37.783343,центр,культурная_точка,история;память;город;прогулка,круглый_год,0.15,0.35,5.0,1,памятник;история;город;прогулка,Памятник основателям Новороссийска является заметной точкой городского маршрута и локальной памяти,Новороссийск,locations
86,Скульптура Девушка на дельфине,"Центральный район, Новороссийск, Краснодарский край",44.717135,37.78511,центр,культурная_точка,история;память;город;прогулка,круглый_год,0.15,0.65,4.5,2,памятник;история;город;прогулка,Скульптура Девушка на дельфине является заметной точкой городского маршрута и локальной памяти,Новороссийск,locations
87,Памятник А.С. Пушкину,"Центральный район, Новороссийск, Краснодарский край",44.719164,37.774702,центр,культурная_точка,история;память;город;прогулка,круглый_год,0.15,0.35,5.0,1,памятник;история;город;прогулка,Памятник А.С. Пушкину является заметной точкой городского маршрута и локальной памяти,Новороссийск,locations
88,Стела Новороссийская Республика,"Центральный район, Новороссийск, Краснодарский край",44.717777,37.776567,центр,культурная_точка,история;память;город;прогулка,круглый_год,0.15,0.35,5.0,5,памятник;история;город;прогулка,Стела Новороссийская Республика является заметной точкой городского маршрута и локальной памяти,Новороссийск,locations
89,Памятник Коминтерн,"Восточный район, Новороссийск, Краснодарский край",44.733442,37.784647,окрестности,культурная_точка,история;память;город;прогулка,круглый_год,0.15,0.35,1.4,2,памятник;история;город;прогулка,Памятник Коминтерн является заметной точкой городского маршрута и локальной памяти,Новороссийск,locations
90,Памятник жене моряка,"Центральный район, Новороссийск, Краснодарский край",44.720551,37.780587,центр,культурная_точка,история;память;город;прогулка,круглый_год,0.15,0.65,4.8,12,памятник;история;город;прогулка,Памятник жене моряка является заметной точкой городского маршрута и локальной памяти,Новороссийск,locations
91,Бюст маршала Г.К. Жукова,"14-й м-н, Южный район, Новороссийск, Краснодарский край",44.680361,37.780714,побережье,культурная_точка,культура;город;локальная_история;прогулка,круглый_год,0.35,0.6,5.0,1,культура;город;история;прогулка,Бюст маршала Г.К. Жукова является заметной точкой городского маршрута и локальной памяти,Новороссийск,locations
92,Мемориальная доска Катастрофа на Чернобыльской АЭС,"Центральный район, Новороссийск, Краснодарский край",44.717838,37.77099,центр,культурная_точка,история;память;город;прогулка,круглый_год,0.15,0.35,4.5,1,памятник;история;город;прогулка,Мемориальная доска Катастрофа на Чернобыльской АЭС является заметной точкой городского маршрута и локальной памяти,Новороссийск,locations
93,Скульптура Дельфины,"Центральный район, Новороссийск, Краснодарский край",44.705868,37.789526,центр,культурная_точка,история;память;город;прогулка,круглый_год,0.15,0.65,5.0,2,памятник;история;город;прогулка,Скульптура Дельфины является заметной точкой городского маршрута и локальной памяти,Новороссийск,locations
94,Стела Морская слава России,"Центральный район, Новороссийск, Краснодарский край",44.720096,37.781841,центр,культурная_точка,история;память;город;прогулка,круглый_год,0.15,0.35,5.0,4,памятник;история;город;прогулка,Стела Морская слава России является заметной точкой городского маршрута и локальной памяти,Новороссийск,locations
95,Памятник В.И. Ленину,"Центральный район, Новороссийск, Краснодарский край",44.723354,37.768423,центр,культурная_точка,история;память;город;прогулка,круглый_год,0.15,0.35,5.0,3,памятник;история;город;прогулка,Памятник В.И. Ленину является заметной точкой городского маршрута и локальной памяти,Новороссийск,locations
96,Братская могила на Октябрьской площади,"Центральный район, Новороссийск, Краснодарский край",44.715723,37.769056,центр,культурная_точка,история;память;город;прогулка,круглый_год,0.15,0.35,5.0,1,памятник;история;город;прогулка,Братская могила на Октябрьской площади является заметной точкой городского маршрута и локальной памяти,Новороссийск,locations
97,Обелиск в честь освобождения Новороссийска,"Центральный район, Новороссийск, Краснодарский край",44.720541,37.776999,центр,культурная_точка,история;память;город;прогулка,круглый_год,0.15,0.35,5.0,3,памятник;история;город;прогулка,Обелиск в честь освобождения Новороссийска является заметной точкой городского маршрута и локальной памяти,Новороссийск,locations
98,Памятник М.П. Лазареву,"Центральный район, Новороссийск, Краснодарский край",44.720071,37.780456,центр,культурная_точка,история;память;город;прогулка,круглый_год,0.15,0.35,5.0,2,памятник;история;город;прогулка,Памятник М.П. Лазареву является заметной точкой городского маршрута и локальной памяти,Новороссийск,locations
99,Памятник лётчику Е.Я. Савицкому,"Центральный район, Новороссийск, Краснодарский край",44.718008,37.776056,центр,культурная_точка,история;память;город;прогулка,круглый_год,0.15,0.35,5.0,1,памятник;история;город;прогулка,Памятник лётчику Е.Я. Савицкому является заметной точкой городского маршрута и локальной памяти,Новороссийск,locations
100,Памятник Ф.Ф. Ушакову,"Южный район, Новороссийск, Краснодарский край",44.684602,37.792746,побережье,культурная_точка,история;память;город;прогулка,круглый_год,0.15,0.6,4.5,1,памятник;история;город;прогулка,Памятник Ф.Ф. Ушакову является заметной точкой городского маршрута и локальной памяти,Новороссийск,locations
101,Братская могила воинов на Малой земле,"Южный район, Новороссийск, Краснодарский край",44.686441,37.792191,побережье,культурная_точка,история;память;город;прогулка,круглый_год,0.15,0.6,5.0,1,памятник;история;город;прогулка,Братская могила воинов на Малой земле является заметной точкой городского маршрута и локальной памяти,Новороссийск,locations
102,Памятник-ансамбль Линия обороны,"Восточный район, Новороссийск, Краснодарский край",44.727366,37.818048,окрестности,культурная_точка,история;военная_память;маршрут;город,круглый_год,0.15,0.35,5.0,1,история;память;мемориал;маршрут,Памятник-ансамбль Линия обороны является заметной точкой городского маршрута и локальной памяти,Новороссийск,locations
103,Памятник Скорбящая мать,"Приморский район, Новороссийск, Краснодарский край",44.739065,37.736633,окрестности,культурная_точка,история;память;город;прогулка,круглый_год,0.15,0.35,4.6,1,памятник;история;город;прогулка,Памятник Скорбящая мать является заметной точкой городского маршрута и локальной памяти,Новороссийск,locations
104,Памятник сотрудникам МВД,"Приморский район, Новороссийск, Краснодарский край",44.738924,37.736967,окрестности,культурная_точка,история;память;город;прогулка,круглый_год,0.15,0.35,1.0,1,памятник;история;город;прогулка,Памятник сотрудникам МВД является заметной точкой городского маршрута и локальной памяти,Новороссийск,locations
105,Декоративное сооружение Девушка,"Южный район, Новороссийск, Краснодарский край",44.692897,37.785873,побережье,культурная_точка,культура;город;локальная_история;прогулка,круглый_год,0.35,0.6,5.0,1,культура;город;история;прогулка,Декоративное сооружение Девушка является заметной точкой городского маршрута и локальной памяти,Новороссийск,locations
106,Скульптура Муза,"Центральный район, Новороссийск, Краснодарский край",44.71374,37.781361,центр,культурная_точка,история;память;город;прогулка,круглый_год,0.15,0.35,4.0,2,памятник;история;город;прогулка,Скульптура Муза является заметной точкой городского маршрута и локальной памяти,Новороссийск,locations
107,Памятник-стела павшим революционерам,"Центральный район, Новороссийск, Краснодарский край",44.719318,37.779175,центр,культурная_точка,история;память;город;прогулка,круглый_год,0.15,0.35,5.0,1,памятник;история;город;прогулка,Памятник-стела павшим революционерам является заметной точкой городского маршрута и локальной памяти,Новороссийск,locations
108,Скульптура Девочка на шаре,"Центральный район, Новороссийск, Краснодарский край",44.722386,37.776417,центр,культурная_точка,история;память;город;прогулка,круглый_год,0.15,0.35,5.0,1,памятник;история;город;прогулка,Скульптура Девочка на шаре является заметной точкой городского маршрута и локальной памяти,Новороссийск,locations
109,Памятник цементникам завода,"Восточный район, Новороссийск, Краснодарский край",44.726273,37.824407,окрестности,культурная_точка,история;память;город;прогулка,круглый_год,0.15,0.35,4.4,1,памятник;история;город;прогулка,Памятник цементникам завода является заметной точкой городского маршрута и локальной памяти,Новороссийск,locations
110,Памятник Е. Пустынникову,"Шесхарис м-н, Восточный район, Новороссийск, Краснодарский край",44.717518,37.838646,окрестности,культурная_точка,история;память;город;прогулка,круглый_год,0.15,0.35,4.4,1,памятник;история;город;прогулка,Памятник Е. Пустынникову является заметной точкой городского маршрута и локальной памяти,Новороссийск,locations
111,Памятник жертвам политических репрессий,"Центральный район, Новороссийск, Краснодарский край",44.716556,37.768952,центр,культурная_точка,история;память;город;прогулка,круглый_год,0.15,0.35,4.9,1,памятник;история;город;прогулка,Памятник жертвам политических репрессий является заметной точкой городского маршрута и локальной памяти,Новороссийск,locations
112,Скульптура Девушка с голубем,"Южный район, Новороссийск, Краснодарский край",44.680722,37.780558,побережье,культурная_точка,история;память;город;прогулка,круглый_год,0.15,0.6,3.7,1,памятник;история;город;прогулка,Скульптура Девушка с голубем является заметной точкой городского маршрута и локальной памяти,Новороссийск,locations
113,Скульптура Незнакомка в карете,"Центральный район, Новороссийск, Краснодарский край",44.719497,37.774635,центр,культурная_точка,история;память;город;прогулка,круглый_год,0.15,0.35,5.0,1,памятник;история;город;прогулка,Скульптура Незнакомка в карете является заметной точкой городского маршрута и локальной памяти,Новороссийск,locations
114,Семья,"Новороссийский район, Новороссийск, Краснодарский край",44.844982,37.576174,окрестности,ферма,ферма;животные;гастрономия;семья,круглый_год,0.9,0.45,4.9,25,ферма;улитки;агротуризм;семья,Улиточная ферма с экскурсиями и фермерским опытом для семейного визита,Новороссийск,locations
115,Козья ферма,"Новороссийский район, Новороссийск, Краснодарский край",44.823519,37.588604,окрестности,ферма,ферма;животные;деревня;семья,круглый_год,0.85,0.4,4.1,0,ферма;козы;агротуризм;деревня,Фермерская точка для спокойного визита и знакомства с локальным животноводством,Новороссийск,locations
116,Абрау-Дюрсо,"Усадьба Круглое озеро, улица Доктора Каминского, 7, с. Абрау-Дюрсо, Новороссийск городской округ, Краснодарский край, 353995",44.67771,37.596176,винный_кластер,оздоровительный_объект,верховая_езда;природа;семья;активный_отдых,круглый_год,0.88,0.72,4.8,35,конный_клуб;верховая_езда;семья;активный_отдых,Конный клуб с прогулками и активностями на природе рядом с Абрау,Абрау-Дюрсо,locations
117,Ново Остен,"Приморский район, Новороссийск, Краснодарский край, 353960",44.7633,37.733144,окрестности,оздоровительный_объект,верховая_езда;природа;активный_отдых;обучение,круглый_год,0.82,0.52,4.4,15,конный_клуб;верховая_езда;тренировки;природа,Конный клуб для занятий верховой ездой и коротких выездов на природу,Новороссийск,locations
118,Карат,"Осоавиахима, 212, Центральный район, Новороссийск, Краснодарский край, 353900",44.701883,37.739651,окрестности,оздоровительный_объект,иппотерапия;верховая_езда;семья;реабилитация,круглый_год,0.84,0.45,3.8,20,конный_клуб;иппотерапия;семья;активный_отдых,Городской конный клуб с обучением и адаптивными программами верховой езды,Новороссийск,locations
119,Арена Колизей,"Короленко, 18Б, х. Камчатка, Новороссийск городской округ, Краснодарский край",44.707157,37.62951,окрестности,оздоровительный_объект,верховая_езда;шоу;семья;активный_отдых,круглый_год,0.92,0.6,4.5,12,конный_клуб;шоу;семья;активный_отдых,Клуб верховой езды с прогулками и зрелищными семейными программами,Новороссийск,locations
120,Природный заповедник Большой Утриш,"х. Дюрсо, Новороссийск городской округ, Краснодарский край",44.745485,37.482118,окрестности,эко-локация,заповедник;природа;экотуризм;треккинг,по_погоде,0.4,0.95,4.4,7,заповедник;экотуризм;треккинг;природа,Крупная заповедная территория для экологических прогулок и наблюдения за природой,Новороссийск,locations
121,Суджукская лагуна,"Новороссийск, Краснодарский край",44.68043,37.801944,побережье,природная_локация,лагуна;птицы;прогулка;фото,круглый_год,0.55,0.78,4.8,15,лагуна;природа;прогулка;побережье,Охраняемая лагуна для неспешных прогулок наблюдения за птицами и фото,Новороссийск,locations
122,Особо охраняемая природная территория Прилагунье,"Южный район, Новороссийск, Краснодарский край",44.68122,37.796641,побережье,эко-локация,оопт;экология;природа;наблюдение,круглый_год,0.45,0.62,4.0,0,оопт;экология;природа;наблюдение,Локальная охраняемая территория рядом с лагуной для спокойного экологического визита,Новороссийск,locations
123,12 водопадов,"Новороссийский район, Новороссийск, Краснодарский край",44.722868,37.726967,окрестности,природная_локация,водопады;треккинг;природа;активный_отдых,по_погоде,0.2,0.88,4.3,33,водопады;треккинг;природа;маршрут,Каскад водопадов для активной прогулки по пересеченной местности,Новороссийск,locations
124,Дольмены,"Новороссийский район, Новороссийск, Краснодарский край",44.75104,37.649845,окрестности,культурная_точка,археология;история;природа;поход,по_погоде,0.2,0.5,4.3,5,дольмен;археология;история;поход,Небольшой археологический объект для короткой вылазки на природу,Новороссийск,locations
125,Долина лотосов,"Новороссийск городской округ, Краснодарский край",44.740235,37.568364,окрестности,природная_локация,лотосы;сезон;фото;природа,лето,0.45,0.72,2.5,26,лотосы;фото;сезон;природа,Сезонная природная точка которая лучше всего работает в период цветения,Новороссийск,locations
126,Экотропа терренкур Маркотх,"Новороссийск, Краснодарский край",44.575271,38.103531,окрестности,эко-локация,экотропа;терренкур;оздоровление;треккинг,по_погоде,0.15,0.9,4.8,6,экотропа;терренкур;треккинг;оздоровление,Маршрут для длинной оздоровительной прогулки по горному природному парку,Новороссийск,locations
127,Смотровая площадка на озеро Абрау Дюрсо,"Новороссийский район, Новороссийск, Краснодарский край",44.709057,37.584345,винный_кластер,смотровая_площадка,виды;озеро;романтика;фото,круглый_год,0.35,0.98,5.0,10,смотровая;озеро;панорама;фото,Короткая видовая точка с панорамой озера Абрау и окрестных склонов,Новороссийск,locations
128,Смотровая площадка на озеро Абрау Дюрсо Верхняя,"Новороссийский район, Новороссийск, Краснодарский край",44.706295,37.586107,винный_кластер,смотровая_площадка,виды;озеро;фото;поездка,круглый_год,0.35,0.96,4.6,17,смотровая;озеро;панорама;пейзаж,Ещё одна сильная видовая точка над озером для короткой остановки и фото,Новороссийск,locations
129,Суджукская коса Островок,Краснодарский край,44.672764,37.81101,побережье,природная_локация,коса;море;дайвинг;прогулка,по_погоде,0.1,0.86,4.1,2,коса;островок;море;природа,Небольшой природный участок Суджукской косы для прогулки и наблюдения за морем,,locations
